state_fips,feedstock,nonroad_equipment_scc,irrigation_water_source,fraction_acreage,hp,resource,rate,unit_numerator,unit_denominator
01,corn grain,2265005060,wells,0,40.98613393,time,7.193178808,hours,acre
01,corn grain,2270005060,wells,0.245633054,57.18995432,time,7.193178808,hours,acre
01,corn grain,2267005060,wells,0,40.98613393,time,7.193178808,hours,acre
01,corn grain,2268005060,wells,0.001036943,40.98613393,time,7.193178808,hours,acre
01,corn grain,2270005060,wells,0.244869487,37.8333544,time,7.193178808,hours,acre
02,corn grain,,wells,,,time,,hours,acre
04,corn grain,2265005060,wells,0.082105531,144.3253154,time,21.51566257,hours,acre
04,corn grain,2270005060,wells,0.023406401,201.384161,time,21.51566257,hours,acre
04,corn grain,2267005060,wells,0.082105531,144.3253154,time,21.51566257,hours,acre
04,corn grain,2268005060,wells,0.026553628,144.3253154,time,21.51566257,hours,acre
04,corn grain,2270005060,wells,0.340777427,133.223368,time,21.51566257,hours,acre
05,corn grain,2265005060,wells,0.006992274,134.4451448,time,4.784889868,hours,acre
05,corn grain,2270005060,wells,0.440627678,187.5978764,time,4.784889868,hours,acre
05,corn grain,2267005060,wells,0.007826031,134.4451448,time,4.784889868,hours,acre
05,corn grain,2268005060,wells,0.015686025,134.4451448,time,4.784889868,hours,acre
05,corn grain,2270005060,wells,0.388798533,124.1032106,time,4.784889868,hours,acre
06,corn grain,2265005060,wells,2.15149E-06,103.5167078,time,21.56366912,hours,acre
06,corn grain,2270005060,wells,0.072430139,144.4419179,time,21.56366912,hours,acre
06,corn grain,2267005060,wells,0.003564486,103.5167078,time,21.56366912,hours,acre
06,corn grain,2268005060,wells,0.003437548,103.5167078,time,21.56366912,hours,acre
06,corn grain,2270005060,wells,0.466821225,95.55388414,time,21.56366912,hours,acre
08,corn grain,2265005060,wells,0.365842074,106.8125701,time,10.51132258,hours,acre
08,corn grain,2270005060,wells,0.01231932,149.0407956,time,10.51132258,hours,acre
08,corn grain,2267005060,wells,0,106.8125701,time,10.51132258,hours,acre
08,corn grain,2268005060,wells,0.029055532,106.8125701,time,10.51132258,hours,acre
08,corn grain,2270005060,wells,0.394785029,98.5962186,time,10.51132258,hours,acre
09,corn grain,,wells,,,time,,hours,acre
10,corn grain,2265005060,wells,0.012111484,68.64912233,time,5.147725118,hours,acre
10,corn grain,2270005060,wells,0.495695316,95.78947302,time,5.147725118,hours,acre
10,corn grain,2267005060,wells,0.007072901,68.64912233,time,5.147725118,hours,acre
10,corn grain,2268005060,wells,0,68.64912233,time,5.147725118,hours,acre
10,corn grain,2270005060,wells,0.440588493,63.36842062,time,5.147725118,hours,acre
12,corn grain,2265005060,wells,0.001823843,93.98802843,time,5.598814433,hours,acre
12,corn grain,2270005060,wells,0.351969289,131.1460862,time,5.598814433,hours,acre
12,corn grain,2267005060,wells,0.001136295,93.98802843,time,5.598814433,hours,acre
12,corn grain,2268005060,wells,0.0018123,93.98802843,time,5.598814433,hours,acre
12,corn grain,2270005060,wells,0.169125392,86.75818009,time,5.598814433,hours,acre
13,corn grain,2265005060,wells,7.94364E-05,97.63332884,time,5.881787004,hours,acre
13,corn grain,2270005060,wells,0.219100042,136.2325519,time,5.881787004,hours,acre
13,corn grain,2267005060,wells,0.00123648,97.63332884,time,5.881787004,hours,acre
13,corn grain,2268005060,wells,0,97.63332884,time,5.881787004,hours,acre
13,corn grain,2270005060,wells,0.590275861,90.12307278,time,5.881787004,hours,acre
15,corn grain,,wells,,,time,,hours,acre
16,corn grain,2265005060,wells,0,256.1000584,time,9.189995971,hours,acre
16,corn grain,2270005060,wells,0.006308938,357.3489186,time,9.189995971,hours,acre
16,corn grain,2267005060,wells,0,256.1000584,time,9.189995971,hours,acre
16,corn grain,2268005060,wells,0.000167337,256.1000584,time,9.189995971,hours,acre
16,corn grain,2270005060,wells,0.47457934,236.4000539,time,9.189995971,hours,acre
17,corn grain,2265005060,wells,0.004937335,86.67194613,time,4.924345855,hours,acre
17,corn grain,2270005060,wells,0.335011016,120.9375992,time,4.924345855,hours,acre
17,corn grain,2267005060,wells,0.018310037,86.67194613,time,4.924345855,hours,acre
17,corn grain,2268005060,wells,0.003129628,86.67194613,time,4.924345855,hours,acre
17,corn grain,2270005060,wells,0.620191787,80.00487335,time,4.924345855,hours,acre
18,corn grain,2265005060,wells,0.000332107,67.7116648,time,4.556082215,hours,acre
18,corn grain,2270005060,wells,0.314843269,94.48139274,time,4.556082215,hours,acre
18,corn grain,2267005060,wells,0.027665733,67.7116648,time,4.556082215,hours,acre
18,corn grain,2268005060,wells,0.008044124,67.7116648,time,4.556082215,hours,acre
18,corn grain,2270005060,wells,0.547570052,62.5030752,time,4.556082215,hours,acre
19,corn grain,2265005060,wells,0.001955184,67.73063973,time,5.075560748,hours,acre
19,corn grain,2270005060,wells,0.268296553,94.50786939,time,5.075560748,hours,acre
19,corn grain,2267005060,wells,0.004505424,67.73063973,time,5.075560748,hours,acre
19,corn grain,2268005060,wells,0.001790835,67.73063973,time,5.075560748,hours,acre
19,corn grain,2270005060,wells,0.676204563,62.52059052,time,5.075560748,hours,acre
20,corn grain,2265005060,wells,0.000596111,81.42353909,time,11.66959504,hours,acre
20,corn grain,2270005060,wells,0.161007351,113.6142406,time,11.66959504,hours,acre
20,corn grain,2267005060,wells,0.025105032,81.42353909,time,11.66959504,hours,acre
20,corn grain,2268005060,wells,0.492871125,81.42353909,time,11.66959504,hours,acre
20,corn grain,2270005060,wells,0.302295447,75.16018993,time,11.66959504,hours,acre
21,corn grain,2265005060,wells,0.003115334,57.78916872,time,4.592684989,hours,acre
21,corn grain,2270005060,wells,0.356060437,80.63604938,time,4.592684989,hours,acre
21,corn grain,2267005060,wells,0,57.78916872,time,4.592684989,hours,acre
21,corn grain,2268005060,wells,0,57.78916872,time,4.592684989,hours,acre
21,corn grain,2270005060,wells,0.23496295,53.34384805,time,4.592684989,hours,acre
22,corn grain,2265005060,wells,0,144.7829405,time,2.785051282,hours,acre
22,corn grain,2270005060,wells,0.434513544,202.0227077,time,2.785051282,hours,acre
22,corn grain,2267005060,wells,0,144.7829405,time,2.785051282,hours,acre
22,corn grain,2268005060,wells,0.008982879,144.7829405,time,2.785051282,hours,acre
22,corn grain,2270005060,wells,0.368119154,133.6457912,time,2.785051282,hours,acre
23,corn grain,,wells,,,time,,hours,acre
24,corn grain,2265005060,wells,0.004279785,37.88649158,time,17.96694885,hours,acre
24,corn grain,2270005060,wells,0.492363911,52.86487198,time,17.96694885,hours,acre
24,corn grain,2267005060,wells,0,37.88649158,time,17.96694885,hours,acre
24,corn grain,2268005060,wells,0,37.88649158,time,17.96694885,hours,acre
24,corn grain,2270005060,wells,0.295761921,34.97214608,time,17.96694885,hours,acre
25,corn grain,2265005060,wells,0.006194967,17.04872129,time,33.16549618,hours,acre
25,corn grain,2270005060,wells,0.043155953,23.78891342,time,33.16549618,hours,acre
25,corn grain,2267005060,wells,0.017540807,17.04872129,time,33.16549618,hours,acre
25,corn grain,2268005060,wells,0,17.04872129,time,33.16549618,hours,acre
25,corn grain,2270005060,wells,0.075627327,15.73728119,time,33.16549618,hours,acre
26,corn grain,2265005060,wells,0,51.02674747,time,15.5428367,hours,acre
26,corn grain,2270005060,wells,0.235633875,71.20011276,time,15.5428367,hours,acre
26,corn grain,2267005060,wells,0.027263074,51.02674747,time,15.5428367,hours,acre
26,corn grain,2268005060,wells,0,51.02674747,time,15.5428367,hours,acre
26,corn grain,2270005060,wells,0.522434391,47.10161305,time,15.5428367,hours,acre
27,corn grain,2265005060,wells,0.014100371,69.53445567,time,5.716684211,hours,acre
27,corn grain,2270005060,wells,0.123586286,97.02482186,time,5.716684211,hours,acre
27,corn grain,2267005060,wells,0,69.53445567,time,5.716684211,hours,acre
27,corn grain,2268005060,wells,0,69.53445567,time,5.716684211,hours,acre
27,corn grain,2270005060,wells,0.785219963,64.18565139,time,5.716684211,hours,acre
28,corn grain,2265005060,wells,0,166.7581893,time,2.777139205,hours,acre
28,corn grain,2270005060,wells,0.566278876,232.6858455,time,2.777139205,hours,acre
28,corn grain,2267005060,wells,0.044336549,166.7581893,time,2.777139205,hours,acre
28,corn grain,2268005060,wells,0,166.7581893,time,2.777139205,hours,acre
28,corn grain,2270005060,wells,0.336089998,153.9306363,time,2.777139205,hours,acre
29,corn grain,2265005060,wells,0.00544935,120.2057853,time,3.639437826,hours,acre
29,corn grain,2270005060,wells,0.428820309,167.7290027,time,3.639437826,hours,acre
29,corn grain,2267005060,wells,0.130117364,120.2057853,time,3.639437826,hours,acre
29,corn grain,2268005060,wells,0.001708349,120.2057853,time,3.639437826,hours,acre
29,corn grain,2270005060,wells,0.388113484,110.9591864,time,3.639437826,hours,acre
30,corn grain,2265005060,wells,0,36.30080958,time,51.31511811,hours,acre
30,corn grain,2270005060,wells,0.000940185,50.65229243,time,51.31511811,hours,acre
30,corn grain,2267005060,wells,0,36.30080958,time,51.31511811,hours,acre
30,corn grain,2268005060,wells,0,36.30080958,time,51.31511811,hours,acre
30,corn grain,2270005060,wells,0.050622403,33.50843961,time,51.31511811,hours,acre
31,corn grain,2265005060,wells,0.001047281,97.25295623,time,7.117758847,hours,acre
31,corn grain,2270005060,wells,0.266408688,135.7017994,time,7.117758847,hours,acre
31,corn grain,2267005060,wells,0.054422788,97.25295623,time,7.117758847,hours,acre
31,corn grain,2268005060,wells,0.112893068,97.25295623,time,7.117758847,hours,acre
31,corn grain,2270005060,wells,0.508956738,89.7719596,time,7.117758847,hours,acre
32,corn grain,2265005060,wells,0,172.1997755,time,14.70361135,hours,acre
32,corn grain,2270005060,wells,0.0600858,240.2787566,time,14.70361135,hours,acre
32,corn grain,2267005060,wells,0,172.1997755,time,14.70361135,hours,acre
32,corn grain,2268005060,wells,0,172.1997755,time,14.70361135,hours,acre
32,corn grain,2270005060,wells,0.725293611,158.953639,time,14.70361135,hours,acre
33,corn grain,,wells,,,time,,hours,acre
34,corn grain,2265005060,wells,0.008756301,41.7438743,time,20.12052148,hours,acre
34,corn grain,2270005060,wells,0.444262103,58.24726646,time,20.12052148,hours,acre
34,corn grain,2267005060,wells,0,41.7438743,time,20.12052148,hours,acre
34,corn grain,2268005060,wells,0,41.7438743,time,20.12052148,hours,acre
34,corn grain,2270005060,wells,0.24670027,38.53280704,time,20.12052148,hours,acre
35,corn grain,2265005060,wells,0.011198581,85.47373588,time,19.96636029,hours,acre
35,corn grain,2270005060,wells,0.048082187,119.265678,time,19.96636029,hours,acre
35,corn grain,2267005060,wells,0.008815121,85.47373588,time,19.96636029,hours,acre
35,corn grain,2268005060,wells,0.097374512,85.47373588,time,19.96636029,hours,acre
35,corn grain,2270005060,wells,0.522297918,78.89883312,time,19.96636029,hours,acre
36,corn grain,2265005060,wells,0.009999342,30.02813917,time,7.649084507,hours,acre
36,corn grain,2270005060,wells,0.440146482,41.89972907,time,7.649084507,hours,acre
36,corn grain,2267005060,wells,0,30.02813917,time,7.649084507,hours,acre
36,corn grain,2268005060,wells,0,30.02813917,time,7.649084507,hours,acre
36,corn grain,2270005060,wells,0.099204,27.71828231,time,7.649084507,hours,acre
37,corn grain,2265005060,wells,0.000127525,15.01833146,time,21.7234,hours,acre
37,corn grain,2270005060,wells,0.048477893,20.95581134,time,21.7234,hours,acre
37,corn grain,2267005060,wells,0,15.01833146,time,21.7234,hours,acre
37,corn grain,2268005060,wells,0,15.01833146,time,21.7234,hours,acre
37,corn grain,2270005060,wells,0.29881037,13.8630752,time,21.7234,hours,acre
38,corn grain,2265005060,wells,0,64.24915825,time,6.242356322,hours,acre
38,corn grain,2270005060,wells,0.157209163,89.64998825,time,6.242356322,hours,acre
38,corn grain,2267005060,wells,0,64.24915825,time,6.242356322,hours,acre
38,corn grain,2268005060,wells,0,64.24915825,time,6.242356322,hours,acre
38,corn grain,2270005060,wells,0.653021598,59.30691531,time,6.242356322,hours,acre
39,corn grain,2265005060,wells,0,15.87251478,time,16.58274809,hours,acre
39,corn grain,2270005060,wells,0.107320901,22.14769504,time,16.58274809,hours,acre
39,corn grain,2267005060,wells,0,15.87251478,time,16.58274809,hours,acre
39,corn grain,2268005060,wells,0,15.87251478,time,16.58274809,hours,acre
39,corn grain,2270005060,wells,0.445416359,14.6515521,time,16.58274809,hours,acre
40,corn grain,2265005060,wells,0.000271208,51.96268462,time,14.39998106,hours,acre
40,corn grain,2270005060,wells,0.08280203,72.50607157,time,14.39998106,hours,acre
40,corn grain,2267005060,wells,0.007785927,51.96268462,time,14.39998106,hours,acre
40,corn grain,2268005060,wells,0.374825127,51.96268462,time,14.39998106,hours,acre
40,corn grain,2270005060,wells,0.427269954,47.96555504,time,14.39998106,hours,acre
41,corn grain,2265005060,wells,0,61.20260382,time,35.72927632,hours,acre
41,corn grain,2270005060,wells,0.016084201,85.39898207,time,35.72927632,hours,acre
41,corn grain,2267005060,wells,0,61.20260382,time,35.72927632,hours,acre
41,corn grain,2268005060,wells,0.000388859,61.20260382,time,35.72927632,hours,acre
41,corn grain,2270005060,wells,0.398308785,56.49471121,time,35.72927632,hours,acre
42,corn grain,2265005060,wells,0.033405821,6.444713805,time,139.8855303,hours,acre
42,corn grain,2270005060,wells,0.059177347,8.992623914,time,139.8855303,hours,acre
42,corn grain,2267005060,wells,0.006107435,6.444713805,time,139.8855303,hours,acre
42,corn grain,2268005060,wells,0,6.444713805,time,139.8855303,hours,acre
42,corn grain,2270005060,wells,0.39541017,5.948966589,time,139.8855303,hours,acre
44,corn grain,,wells,,,time,,hours,acre
45,corn grain,2265005060,wells,0.000205595,41.94363187,time,9.173733108,hours,acre
45,corn grain,2270005060,wells,0.207886042,58.52599796,time,9.173733108,hours,acre
45,corn grain,2267005060,wells,0,41.94363187,time,9.173733108,hours,acre
45,corn grain,2268005060,wells,0,41.94363187,time,9.173733108,hours,acre
45,corn grain,2270005060,wells,0.547815552,38.71719865,time,9.173733108,hours,acre
46,corn grain,2265005060,wells,0,77.96532435,time,5.541683673,hours,acre
46,corn grain,2270005060,wells,0.08407685,108.7888247,time,5.541683673,hours,acre
46,corn grain,2267005060,wells,0.018412849,77.96532435,time,5.541683673,hours,acre
46,corn grain,2268005060,wells,0.018412849,77.96532435,time,5.541683673,hours,acre
46,corn grain,2270005060,wells,0.583419852,71.96799171,time,5.541683673,hours,acre
47,corn grain,2265005060,wells,0.000210068,71.51277516,time,3.738967298,hours,acre
47,corn grain,2270005060,wells,0.447730245,99.78526766,time,3.738967298,hours,acre
47,corn grain,2267005060,wells,0.019570241,71.51277516,time,3.738967298,hours,acre
47,corn grain,2268005060,wells,0.009730909,71.51277516,time,3.738967298,hours,acre
47,corn grain,2270005060,wells,0.406597502,66.01179245,time,3.738967298,hours,acre
48,corn grain,2265005060,wells,0.000659565,32.48441751,time,41.77576923,hours,acre
48,corn grain,2270005060,wells,0.047619774,45.3270942,time,41.77576923,hours,acre
48,corn grain,2267005060,wells,0.000630433,32.48441751,time,41.77576923,hours,acre
48,corn grain,2268005060,wells,0.235398021,32.48441751,time,41.77576923,hours,acre
48,corn grain,2270005060,wells,0.663539233,29.98561616,time,41.77576923,hours,acre
49,corn grain,2265005060,wells,0.001845783,170.274532,time,13.89186251,hours,acre
49,corn grain,2270005060,wells,0.023900163,237.5923702,time,13.89186251,hours,acre
49,corn grain,2267005060,wells,0,170.274532,time,13.89186251,hours,acre
49,corn grain,2268005060,wells,0,170.274532,time,13.89186251,hours,acre
49,corn grain,2270005060,wells,0.406517716,157.1764911,time,13.89186251,hours,acre
50,corn grain,,wells,,,time,,hours,acre
51,corn grain,2265005060,wells,0.061097804,9.039108118,time,38.79178571,hours,acre
51,corn grain,2270005060,wells,0.061097804,12.612709,time,38.79178571,hours,acre
51,corn grain,2267005060,wells,0,9.039108118,time,38.79178571,hours,acre
51,corn grain,2268005060,wells,0,9.039108118,time,38.79178571,hours,acre
51,corn grain,2270005060,wells,0.061097804,8.343792109,time,38.79178571,hours,acre
53,corn grain,2265005060,wells,0.000503434,89.73500337,time,24.73679089,hours,acre
53,corn grain,2270005060,wells,0.004914211,125.2116326,time,24.73679089,hours,acre
53,corn grain,2267005060,wells,0.00089646,89.73500337,time,24.73679089,hours,acre
53,corn grain,2268005060,wells,0,89.73500337,time,24.73679089,hours,acre
53,corn grain,2270005060,wells,0.356557733,82.8323108,time,24.73679089,hours,acre
54,corn grain,,wells,,,time,,hours,acre
55,corn grain,2265005060,wells,0.00068603,87.62624766,time,5.996206625,hours,acre
55,corn grain,2270005060,wells,0.122115391,122.2691828,time,5.996206625,hours,acre
55,corn grain,2267005060,wells,0,87.62624766,time,5.996206625,hours,acre
55,corn grain,2268005060,wells,0,87.62624766,time,5.996206625,hours,acre
55,corn grain,2270005060,wells,0.777303048,80.88576707,time,5.996206625,hours,acre
56,corn grain,2265005060,wells,4.92738E-05,122.3175997,time,11.00410608,hours,acre
56,corn grain,2270005060,wells,0.018416093,170.6757205,time,11.00410608,hours,acre
56,corn grain,2267005060,wells,0.001149723,122.3175997,time,11.00410608,hours,acre
56,corn grain,2268005060,wells,0.001532964,122.3175997,time,11.00410608,hours,acre
56,corn grain,2270005060,wells,0.17206831,112.9085536,time,11.00410608,hours,acre
01,corn grain,2265005060,tailwater pits,6.4242E-05,45.82491582,time,3.475744,hours,acre
01,corn grain,2270005060,tailwater pits,0.005099234,63.94174301,time,3.475744,hours,acre
01,corn grain,2267005060,tailwater pits,0,45.82491582,time,3.475744,hours,acre
01,corn grain,2268005060,tailwater pits,1.20561E-05,45.82491582,time,3.475744,hours,acre
01,corn grain,2270005060,tailwater pits,0.004114246,42.2999223,time,3.475744,hours,acre
02,corn grain,,tailwater pits,,,time,,hours,acre
04,corn grain,2265005060,tailwater pits,0.000690147,157.7920359,time,11.3061486,hours,acre
04,corn grain,2270005060,tailwater pits,0.007508963,220.1749338,time,11.3061486,hours,acre
04,corn grain,2267005060,tailwater pits,0.012790309,157.7920359,time,11.3061486,hours,acre
04,corn grain,2268005060,tailwater pits,0.012790309,157.7920359,time,11.3061486,hours,acre
04,corn grain,2270005060,tailwater pits,0.035549899,145.654187,time,11.3061486,hours,acre
05,corn grain,2265005060,tailwater pits,0.000152585,78.35349046,time,4.338894807,hours,acre
05,corn grain,2270005060,tailwater pits,0.024788361,109.3304518,time,4.338894807,hours,acre
05,corn grain,2267005060,tailwater pits,0.000413644,78.35349046,time,4.338894807,hours,acre
05,corn grain,2268005060,tailwater pits,0.001347628,78.35349046,time,4.338894807,hours,acre
05,corn grain,2270005060,tailwater pits,0.020915115,72.32629889,time,4.338894807,hours,acre
06,corn grain,2265005060,tailwater pits,2.60464E-07,52.17616162,time,12.71751518,hours,acre
06,corn grain,2270005060,tailwater pits,0.013205786,72.80394644,time,12.71751518,hours,acre
06,corn grain,2267005060,tailwater pits,0.000358235,52.17616162,time,12.71751518,hours,acre
06,corn grain,2268005060,tailwater pits,0.000370184,52.17616162,time,12.71751518,hours,acre
06,corn grain,2270005060,tailwater pits,0.040996675,48.16261072,time,12.71751518,hours,acre
08,corn grain,2265005060,tailwater pits,1.54201E-05,22.0813468,time,11.08336735,hours,acre
08,corn grain,2270005060,tailwater pits,0.000448934,30.81118158,time,11.08336735,hours,acre
08,corn grain,2267005060,tailwater pits,2.47618E-05,22.0813468,time,11.08336735,hours,acre
08,corn grain,2268005060,tailwater pits,1.5639E-05,22.0813468,time,11.08336735,hours,acre
08,corn grain,2270005060,tailwater pits,0.001879075,20.38278166,time,11.08336735,hours,acre
09,corn grain,,tailwater pits,,,time,,hours,acre
10,corn grain,2265005060,tailwater pits,0,35.71595261,time,4.109092055,hours,acre
10,corn grain,2270005060,tailwater pits,0.005239036,49.83621295,time,4.109092055,hours,acre
10,corn grain,2267005060,tailwater pits,0,35.71595261,time,4.109092055,hours,acre
10,corn grain,2268005060,tailwater pits,0,35.71595261,time,4.109092055,hours,acre
10,corn grain,2270005060,tailwater pits,0,32.96857164,time,4.109092055,hours,acre
12,corn grain,2265005060,tailwater pits,0,59.41803217,time,4.145687023,hours,acre
12,corn grain,2270005060,tailwater pits,0.028828487,82.9088821,time,4.145687023,hours,acre
12,corn grain,2267005060,tailwater pits,2.12047E-06,59.41803217,time,4.145687023,hours,acre
12,corn grain,2268005060,tailwater pits,0,59.41803217,time,4.145687023,hours,acre
12,corn grain,2270005060,tailwater pits,0.006008088,54.84741431,time,4.145687023,hours,acre
13,corn grain,2265005060,tailwater pits,1.97763E-06,99.01999551,time,4.681767241,hours,acre
13,corn grain,2270005060,tailwater pits,0.004627416,138.1674356,time,4.681767241,hours,acre
13,corn grain,2267005060,tailwater pits,9.05569E-05,99.01999551,time,4.681767241,hours,acre
13,corn grain,2268005060,tailwater pits,0,99.01999551,time,4.681767241,hours,acre
13,corn grain,2270005060,tailwater pits,0.006130825,91.40307278,time,4.681767241,hours,acre
15,corn grain,2265005060,tailwater pits,0,61.18391021,time,44.22066158,hours,acre
16,corn grain,2265005060,tailwater pits,4.11301E-06,71.424,time,14.39998106,hours,acre
16,corn grain,2270005060,tailwater pits,0.000248063,99.66139535,time,14.39998106,hours,acre
16,corn grain,2267005060,tailwater pits,6.36032E-07,71.424,time,14.39998106,hours,acre
16,corn grain,2268005060,tailwater pits,7.73839E-06,71.424,time,14.39998106,hours,acre
16,corn grain,2270005060,tailwater pits,0.007958026,65.92984615,time,14.39998106,hours,acre
17,corn grain,2265005060,tailwater pits,1.0663E-05,42.8421459,time,7.25495229,hours,acre
17,corn grain,2270005060,tailwater pits,0.000608292,59.77973847,time,7.25495229,hours,acre
17,corn grain,2267005060,tailwater pits,7.61497E-05,42.8421459,time,7.25495229,hours,acre
17,corn grain,2268005060,tailwater pits,0,42.8421459,time,7.25495229,hours,acre
17,corn grain,2270005060,tailwater pits,0.000330954,39.54659622,time,7.25495229,hours,acre
18,corn grain,2265005060,tailwater pits,0,45.64109839,time,4.101850453,hours,acre
18,corn grain,2270005060,tailwater pits,0,63.68525357,time,4.101850453,hours,acre
18,corn grain,2267005060,tailwater pits,0,45.64109839,time,4.101850453,hours,acre
18,corn grain,2268005060,tailwater pits,0,45.64109839,time,4.101850453,hours,acre
18,corn grain,2270005060,tailwater pits,0,42.13024467,time,4.101850453,hours,acre
19,corn grain,2265005060,tailwater pits,0,28.33729293,time,12.02402214,hours,acre
19,corn grain,2270005060,tailwater pits,0,39.54040874,time,12.02402214,hours,acre
19,corn grain,2267005060,tailwater pits,0,28.33729293,time,12.02402214,hours,acre
19,corn grain,2268005060,tailwater pits,0,28.33729293,time,12.02402214,hours,acre
19,corn grain,2270005060,tailwater pits,0,26.15750117,time,12.02402214,hours,acre
20,corn grain,2265005060,tailwater pits,0,30.57398279,time,10.81179939,hours,acre
20,corn grain,2270005060,tailwater pits,0.002368809,42.66137134,time,10.81179939,hours,acre
20,corn grain,2267005060,tailwater pits,0.000206077,30.57398279,time,10.81179939,hours,acre
20,corn grain,2268005060,tailwater pits,0,30.57398279,time,10.81179939,hours,acre
20,corn grain,2270005060,tailwater pits,0.001287514,28.22213796,time,10.81179939,hours,acre
21,corn grain,2265005060,tailwater pits,0.000987093,41.89523083,time,4.506929461,hours,acre
21,corn grain,2270005060,tailwater pits,0.012120133,58.45846162,time,4.506929461,hours,acre
21,corn grain,2267005060,tailwater pits,1.36938E-05,41.89523083,time,4.506929461,hours,acre
21,corn grain,2268005060,tailwater pits,8.55861E-05,41.89523083,time,4.506929461,hours,acre
21,corn grain,2270005060,tailwater pits,0.007606893,38.67252076,time,4.506929461,hours,acre
22,corn grain,2265005060,tailwater pits,0.000105616,165.0602559,time,2.28787783,hours,acre
22,corn grain,2270005060,tailwater pits,0.015658347,230.3166361,time,2.28787783,hours,acre
22,corn grain,2267005060,tailwater pits,0.000305823,165.0602559,time,2.28787783,hours,acre
22,corn grain,2268005060,tailwater pits,0.000581585,165.0602559,time,2.28787783,hours,acre
22,corn grain,2270005060,tailwater pits,0.008284831,152.3633131,time,2.28787783,hours,acre
23,corn grain,,tailwater pits,,,time,,hours,acre
24,corn grain,2265005060,tailwater pits,0,39.05877142,time,14.26017542,hours,acre
24,corn grain,2270005060,tailwater pits,0.007551056,54.50061128,time,14.26017542,hours,acre
24,corn grain,2267005060,tailwater pits,0,39.05877142,time,14.26017542,hours,acre
24,corn grain,2268005060,tailwater pits,0,39.05877142,time,14.26017542,hours,acre
24,corn grain,2270005060,tailwater pits,0.001220538,36.05425054,time,14.26017542,hours,acre
25,corn grain,,tailwater pits,,,time,,hours,acre
26,corn grain,2265005060,tailwater pits,0,83.67409802,time,8.310031503,hours,acre
26,corn grain,2270005060,tailwater pits,0.000461385,116.7545554,time,8.310031503,hours,acre
26,corn grain,2267005060,tailwater pits,9.2806E-06,83.67409802,time,8.310031503,hours,acre
26,corn grain,2268005060,tailwater pits,0,83.67409802,time,8.310031503,hours,acre
26,corn grain,2270005060,tailwater pits,0.000404462,77.23762894,time,8.310031503,hours,acre
27,corn grain,2265005060,tailwater pits,4.61389E-06,55.6293902,time,4.433346939,hours,acre
27,corn grain,2270005060,tailwater pits,0.002957501,77.62240493,time,4.433346939,hours,acre
27,corn grain,2267005060,tailwater pits,0,55.6293902,time,4.433346939,hours,acre
27,corn grain,2268005060,tailwater pits,0,55.6293902,time,4.433346939,hours,acre
27,corn grain,2270005060,tailwater pits,0.003164511,51.35020634,time,4.433346939,hours,acre
28,corn grain,2265005060,tailwater pits,0,57.80217583,time,4.559482276,hours,acre
28,corn grain,2270005060,tailwater pits,0.002760596,80.65419884,time,4.559482276,hours,acre
28,corn grain,2267005060,tailwater pits,0.000209312,57.80217583,time,4.559482276,hours,acre
28,corn grain,2268005060,tailwater pits,0.000122207,57.80217583,time,4.559482276,hours,acre
28,corn grain,2270005060,tailwater pits,0.002469438,53.35585461,time,4.559482276,hours,acre
29,corn grain,2265005060,tailwater pits,4.55376E-05,33.5207619,time,7.55450541,hours,acre
29,corn grain,2270005060,tailwater pits,0.000525772,46.77315615,time,7.55450541,hours,acre
29,corn grain,2267005060,tailwater pits,8.75036E-05,33.5207619,time,7.55450541,hours,acre
29,corn grain,2268005060,tailwater pits,2.43516E-07,33.5207619,time,7.55450541,hours,acre
29,corn grain,2270005060,tailwater pits,0.000550124,30.94224176,time,7.55450541,hours,acre
30,corn grain,2265005060,tailwater pits,5.61632E-05,81.90237187,time,13.1790091,hours,acre
30,corn grain,2270005060,tailwater pits,0.000988828,114.2823793,time,13.1790091,hours,acre
30,corn grain,2267005060,tailwater pits,2.52243E-05,81.90237187,time,13.1790091,hours,acre
30,corn grain,2268005060,tailwater pits,6.6532E-05,81.90237187,time,13.1790091,hours,acre
30,corn grain,2270005060,tailwater pits,0.010122428,75.60218942,time,13.1790091,hours,acre
31,corn grain,2265005060,tailwater pits,9.34205E-07,28.42828283,time,8.045703704,hours,acre
31,corn grain,2270005060,tailwater pits,0.005526484,39.66737139,time,8.045703704,hours,acre
31,corn grain,2267005060,tailwater pits,0.003194981,28.42828283,time,8.045703704,hours,acre
31,corn grain,2268005060,tailwater pits,0.00214871,28.42828283,time,8.045703704,hours,acre
31,corn grain,2270005060,tailwater pits,0.007718052,26.24149184,time,8.045703704,hours,acre
32,corn grain,2265005060,tailwater pits,0,45.99021324,time,32.62719961,hours,acre
32,corn grain,2270005060,tailwater pits,0.004043399,64.17239057,time,32.62719961,hours,acre
32,corn grain,2267005060,tailwater pits,0,45.99021324,time,32.62719961,hours,acre
32,corn grain,2268005060,tailwater pits,0,45.99021324,time,32.62719961,hours,acre
32,corn grain,2270005060,tailwater pits,0.011454368,42.45250453,time,32.62719961,hours,acre
33,corn grain,,tailwater pits,,,time,,hours,acre
34,corn grain,2265005060,tailwater pits,0.000626534,51.42692705,time,9.340528256,hours,acre
34,corn grain,2270005060,tailwater pits,0.043117326,71.75850286,time,9.340528256,hours,acre
34,corn grain,2267005060,tailwater pits,0.002712178,51.42692705,time,9.340528256,hours,acre
34,corn grain,2268005060,tailwater pits,0,51.42692705,time,9.340528256,hours,acre
34,corn grain,2270005060,tailwater pits,0.007402775,47.47100958,time,9.340528256,hours,acre
35,corn grain,2265005060,tailwater pits,4.06193E-05,83.64961616,time,8.1913273,hours,acre
35,corn grain,2270005060,tailwater pits,0.000573933,116.7203946,time,8.1913273,hours,acre
35,corn grain,2267005060,tailwater pits,1.23749E-05,83.64961616,time,8.1913273,hours,acre
35,corn grain,2268005060,tailwater pits,0.000491008,83.64961616,time,8.1913273,hours,acre
35,corn grain,2270005060,tailwater pits,0.006901416,77.2150303,time,8.1913273,hours,acre
36,corn grain,2265005060,tailwater pits,0.000887294,38.79184736,time,4.806061947,hours,acre
36,corn grain,2270005060,tailwater pits,0.006662961,54.12815911,time,4.806061947,hours,acre
36,corn grain,2267005060,tailwater pits,0,38.79184736,time,4.806061947,hours,acre
36,corn grain,2268005060,tailwater pits,0,38.79184736,time,4.806061947,hours,acre
36,corn grain,2270005060,tailwater pits,0.000726993,35.8078591,time,4.806061947,hours,acre
37,corn grain,2265005060,tailwater pits,0.000112617,76.73573663,time,5.040232019,hours,acre
37,corn grain,2270005060,tailwater pits,0.018792067,107.0731209,time,5.040232019,hours,acre
37,corn grain,2267005060,tailwater pits,0.000325906,76.73573663,time,5.040232019,hours,acre
37,corn grain,2268005060,tailwater pits,0,76.73573663,time,5.040232019,hours,acre
37,corn grain,2270005060,tailwater pits,0.011330354,70.83298765,time,5.040232019,hours,acre
38,corn grain,2265005060,tailwater pits,0,81.17290236,time,3.887111452,hours,acre
38,corn grain,2270005060,tailwater pits,0.001854474,113.2645149,time,3.887111452,hours,acre
38,corn grain,2267005060,tailwater pits,3.43115E-05,81.17290236,time,3.887111452,hours,acre
38,corn grain,2268005060,tailwater pits,0,81.17290236,time,3.887111452,hours,acre
38,corn grain,2270005060,tailwater pits,0.00326544,74.92883294,time,3.887111452,hours,acre
39,corn grain,2265005060,tailwater pits,0.000342121,17.99222447,time,5.513553299,hours,acre
39,corn grain,2270005060,tailwater pits,0.003043166,25.10542949,time,5.513553299,hours,acre
39,corn grain,2267005060,tailwater pits,0.000140873,17.99222447,time,5.513553299,hours,acre
39,corn grain,2268005060,tailwater pits,0,17.99222447,time,5.513553299,hours,acre
39,corn grain,2270005060,tailwater pits,0.001410515,16.6082072,time,5.513553299,hours,acre
40,corn grain,2265005060,tailwater pits,0,,time,10.51018296,hours,acre
40,corn grain,2270005060,tailwater pits,0,,time,10.51018296,hours,acre
40,corn grain,2267005060,tailwater pits,0,,time,10.51018296,hours,acre
40,corn grain,2268005060,tailwater pits,0,,time,10.51018296,hours,acre
40,corn grain,2270005060,tailwater pits,0,,time,10.51018296,hours,acre
41,corn grain,2265005060,tailwater pits,0,58.0704826,time,15.28955518,hours,acre
41,corn grain,2270005060,tailwater pits,0.003219107,81.02858038,time,15.28955518,hours,acre
41,corn grain,2267005060,tailwater pits,0.000115482,58.0704826,time,15.28955518,hours,acre
41,corn grain,2268005060,tailwater pits,0,58.0704826,time,15.28955518,hours,acre
41,corn grain,2270005060,tailwater pits,0.065100425,53.6035224,time,15.28955518,hours,acre
42,corn grain,2265005060,tailwater pits,0.002449592,16.60932884,time,37.18476122,hours,acre
42,corn grain,2270005060,tailwater pits,0.010001892,23.17580769,time,37.18476122,hours,acre
42,corn grain,2267005060,tailwater pits,0.000423151,16.60932884,time,37.18476122,hours,acre
42,corn grain,2268005060,tailwater pits,0.000131777,16.60932884,time,37.18476122,hours,acre
42,corn grain,2270005060,tailwater pits,0.003003057,15.33168816,time,37.18476122,hours,acre
44,corn grain,,tailwater pits,,,time,,hours,acre
45,corn grain,2265005060,tailwater pits,0,54.75205387,time,6.543192771,hours,acre
45,corn grain,2270005060,tailwater pits,0.006764551,76.39821471,time,6.543192771,hours,acre
45,corn grain,2267005060,tailwater pits,0,54.75205387,time,6.543192771,hours,acre
45,corn grain,2268005060,tailwater pits,0,54.75205387,time,6.543192771,hours,acre
45,corn grain,2270005060,tailwater pits,0.008412204,50.54035742,time,6.543192771,hours,acre
46,corn grain,2265005060,tailwater pits,0,108.6748971,time,2.764796364,hours,acre
46,corn grain,2270005060,tailwater pits,0.002695099,151.6393913,time,2.764796364,hours,acre
46,corn grain,2267005060,tailwater pits,0.001012707,108.6748971,time,2.764796364,hours,acre
46,corn grain,2268005060,tailwater pits,0.001012707,108.6748971,time,2.764796364,hours,acre
46,corn grain,2270005060,tailwater pits,0.011541756,100.3152896,time,2.764796364,hours,acre
47,corn grain,2265005060,tailwater pits,0.000571707,53.60700593,time,4.28469428,hours,acre
47,corn grain,2270005060,tailwater pits,0.006443388,74.80047339,time,4.28469428,hours,acre
47,corn grain,2267005060,tailwater pits,0.0003296,53.60700593,time,4.28469428,hours,acre
47,corn grain,2268005060,tailwater pits,0,53.60700593,time,4.28469428,hours,acre
47,corn grain,2270005060,tailwater pits,0.00292805,49.48339009,time,4.28469428,hours,acre
48,corn grain,2265005060,tailwater pits,1.91304E-06,50.96827235,time,14.65322091,hours,acre
48,corn grain,2270005060,tailwater pits,0.000752849,71.11851956,time,14.65322091,hours,acre
48,corn grain,2267005060,tailwater pits,6.27612E-05,50.96827235,time,14.65322091,hours,acre
48,corn grain,2268005060,tailwater pits,0.000239382,50.96827235,time,14.65322091,hours,acre
48,corn grain,2270005060,tailwater pits,0.000865785,47.04763602,time,14.65322091,hours,acre
49,corn grain,2265005060,tailwater pits,0,29.31702806,time,30.81333333,hours,acre
49,corn grain,2270005060,tailwater pits,0.00138037,40.90748101,time,30.81333333,hours,acre
49,corn grain,2267005060,tailwater pits,0,29.31702806,time,30.81333333,hours,acre
49,corn grain,2268005060,tailwater pits,0,29.31702806,time,30.81333333,hours,acre
49,corn grain,2270005060,tailwater pits,0.010384339,27.06187205,time,30.81333333,hours,acre
50,corn grain,,tailwater pits,,,time,,hours,acre
51,corn grain,2265005060,tailwater pits,0.002104402,54.06297643,time,4.612186837,hours,acre
51,corn grain,2270005060,tailwater pits,0.017216772,75.4367113,time,4.612186837,hours,acre
51,corn grain,2267005060,tailwater pits,0,54.06297643,time,4.612186837,hours,acre
51,corn grain,2268005060,tailwater pits,0,54.06297643,time,4.612186837,hours,acre
51,corn grain,2270005060,tailwater pits,0.008808789,49.90428594,time,4.612186837,hours,acre
53,corn grain,2265005060,tailwater pits,3.03294E-06,51.32370221,time,13.79661663,hours,acre
53,corn grain,2270005060,tailwater pits,0.000505477,71.6144682,time,13.79661663,hours,acre
53,corn grain,2267005060,tailwater pits,2.61857E-05,51.32370221,time,13.79661663,hours,acre
53,corn grain,2268005060,tailwater pits,0,51.32370221,time,13.79661663,hours,acre
53,corn grain,2270005060,tailwater pits,0.008327807,47.37572511,time,13.79661663,hours,acre
54,corn grain,,tailwater pits,,,time,,hours,acre
55,corn grain,2265005060,tailwater pits,1.80437E-05,94.34251852,time,3.589796978,hours,acre
55,corn grain,2270005060,tailwater pits,0.004468634,131.6407235,time,3.589796978,hours,acre
55,corn grain,2267005060,tailwater pits,0.00017091,94.34251852,time,3.589796978,hours,acre
55,corn grain,2268005060,tailwater pits,0,94.34251852,time,3.589796978,hours,acre
55,corn grain,2270005060,tailwater pits,0.002257774,87.08540171,time,3.589796978,hours,acre
56,corn grain,2265005060,tailwater pits,9.3674E-05,38.64517172,time,18.80335031,hours,acre
56,corn grain,2270005060,tailwater pits,0.001789452,53.92349542,time,18.80335031,hours,acre
56,corn grain,2267005060,tailwater pits,0.000757618,38.64517172,time,18.80335031,hours,acre
56,corn grain,2268005060,tailwater pits,0.000200667,38.64517172,time,18.80335031,hours,acre
56,corn grain,2270005060,tailwater pits,0.026021969,35.6724662,time,18.80335031,hours,acre
01,corn grain,2265005060,ponds lakes reservoirs and rivers,0.003267778,61.80695847,time,3.475744,hours,acre
01,corn grain,2270005060,ponds lakes reservoirs and rivers,0.259381011,86.24226764,time,3.475744,hours,acre
01,corn grain,2267005060,ponds lakes reservoirs and rivers,0,61.80695847,time,3.475744,hours,acre
01,corn grain,2268005060,ponds lakes reservoirs and rivers,0.000613256,61.80695847,time,3.475744,hours,acre
01,corn grain,2270005060,ponds lakes reservoirs and rivers,0.209277995,57.05257705,time,3.475744,hours,acre
02,corn grain,,ponds lakes reservoirs and rivers,,,time,,hours,acre
04,corn grain,2265005060,ponds lakes reservoirs and rivers,0.000964722,113.432829,time,11.3061486,hours,acre
04,corn grain,2270005060,ponds lakes reservoirs and rivers,0.0104964,158.2783661,time,11.3061486,hours,acre
04,corn grain,2267005060,ponds lakes reservoirs and rivers,0.017878926,113.432829,time,11.3061486,hours,acre
04,corn grain,2268005060,ponds lakes reservoirs and rivers,0.017878926,113.432829,time,11.3061486,hours,acre
04,corn grain,2270005060,ponds lakes reservoirs and rivers,0.049693408,104.7072268,time,11.3061486,hours,acre
05,corn grain,2265005060,ponds lakes reservoirs and rivers,0.000194003,84.92565357,time,4.338894807,hours,acre
05,corn grain,2270005060,ponds lakes reservoirs and rivers,0.031516965,118.500912,time,4.338894807,hours,acre
05,corn grain,2267005060,ponds lakes reservoirs and rivers,0.000525924,84.92565357,time,4.338894807,hours,acre
05,corn grain,2268005060,ponds lakes reservoirs and rivers,0.001713431,84.92565357,time,4.338894807,hours,acre
05,corn grain,2270005060,ponds lakes reservoirs and rivers,0.026592356,78.39291099,time,4.338894807,hours,acre
06,corn grain,2265005060,ponds lakes reservoirs and rivers,8.48009E-07,82.03942237,time,12.71751518,hours,acre
06,corn grain,2270005060,ponds lakes reservoirs and rivers,0.042994946,114.4736126,time,12.71751518,hours,acre
06,corn grain,2267005060,ponds lakes reservoirs and rivers,0.00116633,82.03942237,time,12.71751518,hours,acre
06,corn grain,2268005060,ponds lakes reservoirs and rivers,0.001205232,82.03942237,time,12.71751518,hours,acre
06,corn grain,2270005060,ponds lakes reservoirs and rivers,0.133475576,75.72869757,time,12.71751518,hours,acre
08,corn grain,2265005060,ponds lakes reservoirs and rivers,0.000662458,42.84722783,time,11.08336735,hours,acre
08,corn grain,2270005060,ponds lakes reservoirs and rivers,0.019286539,59.78682954,time,11.08336735,hours,acre
08,corn grain,2267005060,ponds lakes reservoirs and rivers,0.001063785,42.84722783,time,11.08336735,hours,acre
08,corn grain,2268005060,ponds lakes reservoirs and rivers,0.000671864,42.84722783,time,11.08336735,hours,acre
08,corn grain,2270005060,ponds lakes reservoirs and rivers,0.080726523,39.55128723,time,11.08336735,hours,acre
09,corn grain,,ponds lakes reservoirs and rivers,,,time,,hours,acre
10,corn grain,2265005060,ponds lakes reservoirs and rivers,0,64.54124055,time,4.109092055,hours,acre
10,corn grain,2270005060,ponds lakes reservoirs and rivers,0.039292771,90.05754496,time,4.109092055,hours,acre
10,corn grain,2267005060,ponds lakes reservoirs and rivers,0,64.54124055,time,4.109092055,hours,acre
10,corn grain,2268005060,ponds lakes reservoirs and rivers,0,64.54124055,time,4.109092055,hours,acre
10,corn grain,2270005060,ponds lakes reservoirs and rivers,0,59.57652974,time,4.109092055,hours,acre
12,corn grain,2265005060,ponds lakes reservoirs and rivers,0,57.60118519,time,4.145687023,hours,acre
12,corn grain,2270005060,ponds lakes reservoirs and rivers,0.281190362,80.37374677,time,4.145687023,hours,acre
12,corn grain,2267005060,ponds lakes reservoirs and rivers,2.06829E-05,57.60118519,time,4.145687023,hours,acre
12,corn grain,2268005060,ponds lakes reservoirs and rivers,0,57.60118519,time,4.145687023,hours,acre
12,corn grain,2270005060,ponds lakes reservoirs and rivers,0.058602331,53.17032479,time,4.145687023,hours,acre
13,corn grain,2265005060,ponds lakes reservoirs and rivers,3.02715E-05,68.66991695,time,4.681767241,hours,acre
13,corn grain,2270005060,ponds lakes reservoirs and rivers,0.070831742,95.81848876,time,4.681767241,hours,acre
13,corn grain,2267005060,ponds lakes reservoirs and rivers,0.001386152,68.66991695,time,4.681767241,hours,acre
13,corn grain,2268005060,ponds lakes reservoirs and rivers,0,68.66991695,time,4.681767241,hours,acre
13,corn grain,2270005060,ponds lakes reservoirs and rivers,0.093844403,63.38761564,time,4.681767241,hours,acre
15,corn grain,,ponds lakes reservoirs and rivers,,,time,,hours,acre
16,corn grain,2265005060,ponds lakes reservoirs and rivers,0.000200829,71.86488889,time,14.39998106,hours,acre
16,corn grain,2270005060,ponds lakes reservoirs and rivers,0.012112355,100.2765891,time,14.39998106,hours,acre
16,corn grain,2267005060,ponds lakes reservoirs and rivers,3.1056E-05,71.86488889,time,14.39998106,hours,acre
16,corn grain,2268005060,ponds lakes reservoirs and rivers,0.000377848,71.86488889,time,14.39998106,hours,acre
16,corn grain,2270005060,ponds lakes reservoirs and rivers,0.388572342,66.33682051,time,14.39998106,hours,acre
17,corn grain,2265005060,ponds lakes reservoirs and rivers,0.000138619,44.72407632,time,7.25495229,hours,acre
17,corn grain,2270005060,ponds lakes reservoirs and rivers,0.007907794,62.40568789,time,7.25495229,hours,acre
17,corn grain,2267005060,ponds lakes reservoirs and rivers,0.000989945,44.72407632,time,7.25495229,hours,acre
17,corn grain,2268005060,ponds lakes reservoirs and rivers,0,44.72407632,time,7.25495229,hours,acre
17,corn grain,2270005060,ponds lakes reservoirs and rivers,0.004302405,41.28376276,time,7.25495229,hours,acre
18,corn grain,2265005060,ponds lakes reservoirs and rivers,0.000223908,57.41791246,time,4.101850453,hours,acre
18,corn grain,2270005060,ponds lakes reservoirs and rivers,0.054192824,80.11801738,time,4.101850453,hours,acre
18,corn grain,2267005060,ponds lakes reservoirs and rivers,0.00065948,57.41791246,time,4.101850453,hours,acre
18,corn grain,2268005060,ponds lakes reservoirs and rivers,0,57.41791246,time,4.101850453,hours,acre
18,corn grain,2270005060,ponds lakes reservoirs and rivers,0.029431706,53.00114996,time,4.101850453,hours,acre
19,corn grain,2265005060,ponds lakes reservoirs and rivers,0.001406822,22.47647437,time,12.02402214,hours,acre
19,corn grain,2270005060,ponds lakes reservoirs and rivers,0.021307701,31.36252238,time,12.02402214,hours,acre
19,corn grain,2267005060,ponds lakes reservoirs and rivers,0.00117064,22.47647437,time,12.02402214,hours,acre
19,corn grain,2268005060,ponds lakes reservoirs and rivers,0,22.47647437,time,12.02402214,hours,acre
19,corn grain,2270005060,ponds lakes reservoirs and rivers,0.018920212,20.74751481,time,12.02402214,hours,acre
20,corn grain,2265005060,ponds lakes reservoirs and rivers,0,39.38813917,time,10.81179939,hours,acre
20,corn grain,2270005060,ponds lakes reservoirs and rivers,0.007888787,54.96019419,time,10.81179939,hours,acre
20,corn grain,2267005060,ponds lakes reservoirs and rivers,0.000686292,39.38813917,time,10.81179939,hours,acre
20,corn grain,2268005060,ponds lakes reservoirs and rivers,0,39.38813917,time,10.81179939,hours,acre
20,corn grain,2270005060,ponds lakes reservoirs and rivers,0.004287777,36.35828231,time,10.81179939,hours,acre
21,corn grain,2265005060,ponds lakes reservoirs and rivers,0.016639568,39.46882155,time,4.506929461,hours,acre
21,corn grain,2270005060,ponds lakes reservoirs and rivers,0.204310817,55.07277425,time,4.506929461,hours,acre
21,corn grain,2267005060,ponds lakes reservoirs and rivers,0.000230838,39.46882155,time,4.506929461,hours,acre
21,corn grain,2268005060,ponds lakes reservoirs and rivers,0.001442737,39.46882155,time,4.506929461,hours,acre
21,corn grain,2270005060,ponds lakes reservoirs and rivers,0.128230478,36.43275835,time,4.506929461,hours,acre
22,corn grain,2265005060,ponds lakes reservoirs and rivers,0.00060291,99.06343434,time,2.28787783,hours,acre
22,corn grain,2270005060,ponds lakes reservoirs and rivers,0.089385703,138.2280479,time,2.28787783,hours,acre
22,corn grain,2267005060,ponds lakes reservoirs and rivers,0.001745789,99.06343434,time,2.28787783,hours,acre
22,corn grain,2268005060,ponds lakes reservoirs and rivers,0.00331998,99.06343434,time,2.28787783,hours,acre
22,corn grain,2270005060,ponds lakes reservoirs and rivers,0.047293977,91.44317016,time,2.28787783,hours,acre
23,corn grain,,ponds lakes reservoirs and rivers,,,time,,hours,acre
24,corn grain,2265005060,ponds lakes reservoirs and rivers,0,37.15490909,time,14.26017542,hours,acre
24,corn grain,2270005060,ponds lakes reservoirs and rivers,0.156999034,51.8440592,time,14.26017542,hours,acre
24,corn grain,2267005060,ponds lakes reservoirs and rivers,0,37.15490909,time,14.26017542,hours,acre
24,corn grain,2268005060,ponds lakes reservoirs and rivers,0,37.15490909,time,14.26017542,hours,acre
24,corn grain,2270005060,ponds lakes reservoirs and rivers,0.025377018,34.29683916,time,14.26017542,hours,acre
25,corn grain,,ponds lakes reservoirs and rivers,,,time,,hours,acre
26,corn grain,2265005060,ponds lakes reservoirs and rivers,0,80.44935279,time,8.310031503,hours,acre
26,corn grain,2270005060,ponds lakes reservoirs and rivers,0.10298109,112.2549109,time,8.310031503,hours,acre
26,corn grain,2267005060,ponds lakes reservoirs and rivers,0.002071429,80.44935279,time,8.310031503,hours,acre
26,corn grain,2268005060,ponds lakes reservoirs and rivers,0,80.44935279,time,8.310031503,hours,acre
26,corn grain,2270005060,ponds lakes reservoirs and rivers,0.090275833,74.26094103,time,8.310031503,hours,acre
27,corn grain,2265005060,ponds lakes reservoirs and rivers,4.29348E-05,58.22805836,time,4.433346939,hours,acre
27,corn grain,2270005060,ponds lakes reservoirs and rivers,0.027521193,81.24845353,time,4.433346939,hours,acre
27,corn grain,2267005060,ponds lakes reservoirs and rivers,0,58.22805836,time,4.433346939,hours,acre
27,corn grain,2268005060,ponds lakes reservoirs and rivers,0,58.22805836,time,4.433346939,hours,acre
27,corn grain,2270005060,ponds lakes reservoirs and rivers,0.029447533,53.74897695,time,4.433346939,hours,acre
28,corn grain,2265005060,ponds lakes reservoirs and rivers,0,79.6833281,time,4.559482276,hours,acre
28,corn grain,2270005060,ponds lakes reservoirs and rivers,0.018454695,111.1860392,time,4.559482276,hours,acre
28,corn grain,2267005060,ponds lakes reservoirs and rivers,0.001399262,79.6833281,time,4.559482276,hours,acre
28,corn grain,2268005060,ponds lakes reservoirs and rivers,0.00081696,79.6833281,time,4.559482276,hours,acre
28,corn grain,2270005060,ponds lakes reservoirs and rivers,0.01650829,73.55384132,time,4.559482276,hours,acre
29,corn grain,2265005060,ponds lakes reservoirs and rivers,0.001621533,51.40370221,time,7.55450541,hours,acre
29,corn grain,2270005060,ponds lakes reservoirs and rivers,0.018722061,71.7260961,time,7.55450541,hours,acre
29,corn grain,2267005060,ponds lakes reservoirs and rivers,0.003115887,51.40370221,time,7.55450541,hours,acre
29,corn grain,2268005060,ponds lakes reservoirs and rivers,8.6713E-06,51.40370221,time,7.55450541,hours,acre
29,corn grain,2270005060,ponds lakes reservoirs and rivers,0.019589191,47.44957127,time,7.55450541,hours,acre
30,corn grain,2265005060,ponds lakes reservoirs and rivers,0.004054837,77.24929892,time,13.1790091,hours,acre
30,corn grain,2270005060,ponds lakes reservoirs and rivers,0.07139076,107.7897194,time,13.1790091,hours,acre
30,corn grain,2267005060,ponds lakes reservoirs and rivers,0.001821131,77.24929892,time,13.1790091,hours,acre
30,corn grain,2268005060,ponds lakes reservoirs and rivers,0.004803435,77.24929892,time,13.1790091,hours,acre
30,corn grain,2270005060,ponds lakes reservoirs and rivers,0.730812698,71.30704515,time,13.1790091,hours,acre
31,corn grain,2265005060,ponds lakes reservoirs and rivers,1.44025E-06,49.95151515,time,8.045703704,hours,acre
31,corn grain,2270005060,ponds lakes reservoirs and rivers,0.008520115,69.69978858,time,8.045703704,hours,acre
31,corn grain,2267005060,ponds lakes reservoirs and rivers,0.004925664,49.95151515,time,8.045703704,hours,acre
31,corn grain,2268005060,ponds lakes reservoirs and rivers,0.003312641,49.95151515,time,8.045703704,hours,acre
31,corn grain,2270005060,ponds lakes reservoirs and rivers,0.011898827,46.10909091,time,8.045703704,hours,acre
32,corn grain,2265005060,ponds lakes reservoirs and rivers,0,35.09649383,time,32.62719961,hours,acre
32,corn grain,2270005060,ponds lakes reservoirs and rivers,0.030141698,48.97185185,time,32.62719961,hours,acre
32,corn grain,2267005060,ponds lakes reservoirs and rivers,0,35.09649383,time,32.62719961,hours,acre
32,corn grain,2268005060,ponds lakes reservoirs and rivers,0,35.09649383,time,32.62719961,hours,acre
32,corn grain,2270005060,ponds lakes reservoirs and rivers,0.085387109,32.39676353,time,32.62719961,hours,acre
33,corn grain,,ponds lakes reservoirs and rivers,,,time,,hours,acre
34,corn grain,2265005060,ponds lakes reservoirs and rivers,0.002866608,62.99318519,time,9.340528256,hours,acre
34,corn grain,2270005060,ponds lakes reservoirs and rivers,0.197276532,87.8974677,time,9.340528256,hours,acre
34,corn grain,2267005060,ponds lakes reservoirs and rivers,0.012409144,62.99318519,time,9.340528256,hours,acre
34,corn grain,2268005060,ponds lakes reservoirs and rivers,0,62.99318519,time,9.340528256,hours,acre
34,corn grain,2270005060,ponds lakes reservoirs and rivers,0.03387023,58.14755556,time,9.340528256,hours,acre
35,corn grain,2265005060,ponds lakes reservoirs and rivers,0.00039648,83.59405612,time,8.1913273,hours,acre
35,corn grain,2270005060,ponds lakes reservoirs and rivers,0.005602081,116.642869,time,8.1913273,hours,acre
35,corn grain,2267005060,ponds lakes reservoirs and rivers,0.00012079,83.59405612,time,8.1913273,hours,acre
35,corn grain,2268005060,ponds lakes reservoirs and rivers,0.004792668,83.59405612,time,8.1913273,hours,acre
35,corn grain,2270005060,ponds lakes reservoirs and rivers,0.067363818,77.16374411,time,8.1913273,hours,acre
36,corn grain,2265005060,ponds lakes reservoirs and rivers,0.044068932,34.37026263,time,4.806061947,hours,acre
36,corn grain,2270005060,ponds lakes reservoirs and rivers,0.330927074,47.95850599,time,4.806061947,hours,acre
36,corn grain,2267005060,ponds lakes reservoirs and rivers,0,34.37026263,time,4.806061947,hours,acre
36,corn grain,2268005060,ponds lakes reservoirs and rivers,0,34.37026263,time,4.806061947,hours,acre
36,corn grain,2270005060,ponds lakes reservoirs and rivers,0.036107318,31.72639627,time,4.806061947,hours,acre
37,corn grain,2265005060,ponds lakes reservoirs and rivers,0.00218522,41.91003367,time,5.040232019,hours,acre
37,corn grain,2270005060,ponds lakes reservoirs and rivers,0.364642036,58.47911675,time,5.040232019,hours,acre
37,corn grain,2267005060,ponds lakes reservoirs and rivers,0.006323894,41.91003367,time,5.040232019,hours,acre
37,corn grain,2268005060,ponds lakes reservoirs and rivers,0,41.91003367,time,5.040232019,hours,acre
37,corn grain,2270005060,ponds lakes reservoirs and rivers,0.219854655,38.68618493,time,5.040232019,hours,acre
38,corn grain,2265005060,ponds lakes reservoirs and rivers,0,90.53945679,time,3.887111452,hours,acre
38,corn grain,2270005060,ponds lakes reservoirs and rivers,0.056308584,126.3341258,time,3.887111452,hours,acre
38,corn grain,2267005060,ponds lakes reservoirs and rivers,0.001041823,90.53945679,time,3.887111452,hours,acre
38,corn grain,2268005060,ponds lakes reservoirs and rivers,0,90.53945679,time,3.887111452,hours,acre
38,corn grain,2270005060,ponds lakes reservoirs and rivers,0.099150645,83.57488319,time,3.887111452,hours,acre
39,corn grain,2265005060,ponds lakes reservoirs and rivers,0.02812231,32.93739768,time,5.513553299,hours,acre
39,corn grain,2270005060,ponds lakes reservoirs and rivers,0.250148261,45.95915955,time,5.513553299,hours,acre
39,corn grain,2267005060,ponds lakes reservoirs and rivers,0.011579775,32.93739768,time,5.513553299,hours,acre
39,corn grain,2268005060,ponds lakes reservoirs and rivers,0,32.93739768,time,5.513553299,hours,acre
39,corn grain,2270005060,ponds lakes reservoirs and rivers,0.115944326,30.40375171,time,5.513553299,hours,acre
40,corn grain,2265005060,ponds lakes reservoirs and rivers,0.001079248,39.69422821,time,10.51018296,hours,acre
40,corn grain,2270005060,ponds lakes reservoirs and rivers,0.025507102,55.38729517,time,10.51018296,hours,acre
40,corn grain,2267005060,ponds lakes reservoirs and rivers,0.001860842,39.69422821,time,10.51018296,hours,acre
40,corn grain,2268005060,ponds lakes reservoirs and rivers,0.039930147,39.69422821,time,10.51018296,hours,acre
40,corn grain,2270005060,ponds lakes reservoirs and rivers,0.027527908,36.64082604,time,10.51018296,hours,acre
41,corn grain,2265005060,ponds lakes reservoirs and rivers,0,94.15657015,time,15.28955518,hours,acre
41,corn grain,2270005060,ponds lakes reservoirs and rivers,0.021432915,131.3812607,time,15.28955518,hours,acre
41,corn grain,2267005060,ponds lakes reservoirs and rivers,0.000768885,94.15657015,time,15.28955518,hours,acre
41,corn grain,2268005060,ponds lakes reservoirs and rivers,0,94.15657015,time,15.28955518,hours,acre
41,corn grain,2270005060,ponds lakes reservoirs and rivers,0.433440656,86.91375706,time,15.28955518,hours,acre
42,corn grain,2265005060,ponds lakes reservoirs and rivers,0.070968188,14.28466592,time,37.18476122,hours,acre
42,corn grain,2270005060,ponds lakes reservoirs and rivers,0.289769092,19.93209198,time,37.18476122,hours,acre
42,corn grain,2267005060,ponds lakes reservoirs and rivers,0.012259298,14.28466592,time,37.18476122,hours,acre
42,corn grain,2268005060,ponds lakes reservoirs and rivers,0.003817775,14.28466592,time,37.18476122,hours,acre
42,corn grain,2270005060,ponds lakes reservoirs and rivers,0.087002841,13.18584546,time,37.18476122,hours,acre
44,corn grain,,ponds lakes reservoirs and rivers,,,time,,hours,acre
45,corn grain,2265005060,ponds lakes reservoirs and rivers,0,36.10639731,time,6.543192771,hours,acre
45,corn grain,2270005060,ponds lakes reservoirs and rivers,0.094327911,50.3810195,time,6.543192771,hours,acre
45,corn grain,2267005060,ponds lakes reservoirs and rivers,0,36.10639731,time,6.543192771,hours,acre
45,corn grain,2268005060,ponds lakes reservoirs and rivers,0,36.10639731,time,6.543192771,hours,acre
45,corn grain,2270005060,ponds lakes reservoirs and rivers,0.117303508,33.32898213,time,6.543192771,hours,acre
46,corn grain,2265005060,ponds lakes reservoirs and rivers,0,142.6748971,time,2.764796364,hours,acre
46,corn grain,2270005060,ponds lakes reservoirs and rivers,0.036914686,199.0812518,time,2.764796364,hours,acre
46,corn grain,2267005060,ponds lakes reservoirs and rivers,0.013871013,142.6748971,time,2.764796364,hours,acre
46,corn grain,2268005060,ponds lakes reservoirs and rivers,0.013871013,142.6748971,time,2.764796364,hours,acre
46,corn grain,2270005060,ponds lakes reservoirs and rivers,0.158087081,131.699905,time,2.764796364,hours,acre
47,corn grain,2265005060,ponds lakes reservoirs and rivers,0.004826525,41.21248036,time,4.28469428,hours,acre
47,corn grain,2270005060,ponds lakes reservoirs and rivers,0.05439706,57.50578655,time,4.28469428,hours,acre
47,corn grain,2267005060,ponds lakes reservoirs and rivers,0.002782588,41.21248036,time,4.28469428,hours,acre
47,corn grain,2268005060,ponds lakes reservoirs and rivers,0,41.21248036,time,4.28469428,hours,acre
47,corn grain,2270005060,ponds lakes reservoirs and rivers,0.024719497,38.04228956,time,4.28469428,hours,acre
48,corn grain,2265005060,ponds lakes reservoirs and rivers,3.10641E-05,43.52837411,time,14.65322091,hours,acre
48,corn grain,2270005060,ponds lakes reservoirs and rivers,0.012224831,60.7372662,time,14.65322091,hours,acre
48,corn grain,2267005060,ponds lakes reservoirs and rivers,0.001019122,43.52837411,time,14.65322091,hours,acre
48,corn grain,2268005060,ponds lakes reservoirs and rivers,0.003887106,43.52837411,time,14.65322091,hours,acre
48,corn grain,2270005060,ponds lakes reservoirs and rivers,0.014058706,40.18003764,time,14.65322091,hours,acre
49,corn grain,2265005060,ponds lakes reservoirs and rivers,0,39.89735578,time,30.81333333,hours,acre
49,corn grain,2270005060,ponds lakes reservoirs and rivers,0.041829383,55.670729,time,30.81333333,hours,acre
49,corn grain,2267005060,ponds lakes reservoirs and rivers,0,39.89735578,time,30.81333333,hours,acre
49,corn grain,2268005060,ponds lakes reservoirs and rivers,0,39.89735578,time,30.81333333,hours,acre
49,corn grain,2270005060,ponds lakes reservoirs and rivers,0.314676952,36.82832841,time,30.81333333,hours,acre
50,corn grain,,ponds lakes reservoirs and rivers,,,time,,hours,acre
51,corn grain,2265005060,ponds lakes reservoirs and rivers,0.055556212,48.61890011,time,4.612186837,hours,acre
51,corn grain,2270005060,ponds lakes reservoirs and rivers,0.45452278,67.84032574,time,4.612186837,hours,acre
51,corn grain,2267005060,ponds lakes reservoirs and rivers,0,48.61890011,time,4.612186837,hours,acre
51,corn grain,2268005060,ponds lakes reservoirs and rivers,0,48.61890011,time,4.612186837,hours,acre
51,corn grain,2270005060,ponds lakes reservoirs and rivers,0.232552026,44.87898472,time,4.612186837,hours,acre
53,corn grain,2265005060,ponds lakes reservoirs and rivers,0.000158515,83.52996034,time,13.79661663,hours,acre
53,corn grain,2270005060,ponds lakes reservoirs and rivers,0.026418519,116.553433,time,13.79661663,hours,acre
53,corn grain,2267005060,ponds lakes reservoirs and rivers,0.001368581,83.52996034,time,13.79661663,hours,acre
53,corn grain,2268005060,ponds lakes reservoirs and rivers,0,83.52996034,time,13.79661663,hours,acre
53,corn grain,2270005060,ponds lakes reservoirs and rivers,0.435248788,77.10457878,time,13.79661663,hours,acre
54,corn grain,,ponds lakes reservoirs and rivers,,,time,,hours,acre
55,corn grain,2265005060,ponds lakes reservoirs and rivers,0.000229483,94.14601122,time,3.589796978,hours,acre
55,corn grain,2270005060,ponds lakes reservoirs and rivers,0.056832894,131.3665273,time,3.589796978,hours,acre
55,corn grain,2267005060,ponds lakes reservoirs and rivers,0.002173665,94.14601122,time,3.589796978,hours,acre
55,corn grain,2268005060,ponds lakes reservoirs and rivers,0,94.14601122,time,3.589796978,hours,acre
55,corn grain,2270005060,ponds lakes reservoirs and rivers,0.028714775,86.90401036,time,3.589796978,hours,acre
56,corn grain,2265005060,ponds lakes reservoirs and rivers,0.002524682,37.76346577,time,18.80335031,hours,acre
56,corn grain,2270005060,ponds lakes reservoirs and rivers,0.048228958,52.69320805,time,18.80335031,hours,acre
56,corn grain,2267005060,ponds lakes reservoirs and rivers,0.020419178,37.76346577,time,18.80335031,hours,acre
56,corn grain,2268005060,ponds lakes reservoirs and rivers,0.005408337,37.76346577,time,18.80335031,hours,acre
56,corn grain,2270005060,ponds lakes reservoirs and rivers,0.701339102,34.85858379,time,18.80335031,hours,acre
01,corn grain,2265005060,relifting or boosting water within systems,0.000184161,38.17106173,time,4.185626204,hours,acre
01,corn grain,2270005060,relifting or boosting water within systems,0.014617803,53.2619466,time,4.185626204,hours,acre
01,corn grain,2267005060,relifting or boosting water within systems,0,38.17106173,time,4.185626204,hours,acre
01,corn grain,2268005060,relifting or boosting water within systems,3.4561E-05,38.17106173,time,4.185626204,hours,acre
01,corn grain,2270005060,relifting or boosting water within systems,0.011794173,35.23482621,time,4.185626204,hours,acre
02,corn grain,,relifting or boosting water within systems,,,time,,hours,acre
04,corn grain,2265005060,relifting or boosting water within systems,0.002775431,84.31158997,time,18.63842012,hours,acre
04,corn grain,2270005060,relifting or boosting water within systems,0.030197336,117.644079,time,18.63842012,hours,acre
04,corn grain,2267005060,relifting or boosting water within systems,0.051436296,84.31158997,time,18.63842012,hours,acre
04,corn grain,2268005060,relifting or boosting water within systems,0.051436296,84.31158997,time,18.63842012,hours,acre
04,corn grain,2270005060,relifting or boosting water within systems,0.142964112,77.82608305,time,18.63842012,hours,acre
05,corn grain,2265005060,relifting or boosting water within systems,0.000102251,132.0131149,time,3.043914059,hours,acre
05,corn grain,2270005060,relifting or boosting water within systems,0.016611239,184.2043463,time,3.043914059,hours,acre
05,corn grain,2267005060,relifting or boosting water within systems,0.000277192,132.0131149,time,3.043914059,hours,acre
05,corn grain,2268005060,relifting or boosting water within systems,0.000903076,132.0131149,time,3.043914059,hours,acre
05,corn grain,2270005060,relifting or boosting water within systems,0.01401569,121.8582599,time,3.043914059,hours,acre
06,corn grain,2265005060,relifting or boosting water within systems,1.04302E-06,106.1279701,time,12.73961338,hours,acre
06,corn grain,2270005060,relifting or boosting water within systems,0.052882239,148.0855396,time,12.73961338,hours,acre
06,corn grain,2267005060,relifting or boosting water within systems,0.001434544,106.1279701,time,12.73961338,hours,acre
06,corn grain,2268005060,relifting or boosting water within systems,0.001482393,106.1279701,time,12.73961338,hours,acre
06,corn grain,2270005060,relifting or boosting water within systems,0.16417016,97.96428007,time,12.73961338,hours,acre
08,corn grain,2265005060,relifting or boosting water within systems,0.000602894,85.53553909,time,7.004535684,hours,acre
08,corn grain,2270005060,relifting or boosting water within systems,0.017552423,119.351915,time,7.004535684,hours,acre
08,corn grain,2267005060,relifting or boosting water within systems,0.000968137,85.53553909,time,7.004535684,hours,acre
08,corn grain,2268005060,relifting or boosting water within systems,0.000611455,85.53553909,time,7.004535684,hours,acre
08,corn grain,2270005060,relifting or boosting water within systems,0.073468136,78.95588224,time,7.004535684,hours,acre
09,corn grain,,relifting or boosting water within systems,,,time,,hours,acre
10,corn grain,2265005060,relifting or boosting water within systems,0,,time,,hours,acre
10,corn grain,2270005060,relifting or boosting water within systems,0,,time,,hours,acre
10,corn grain,2267005060,relifting or boosting water within systems,0,,time,,hours,acre
10,corn grain,2268005060,relifting or boosting water within systems,0,,time,,hours,acre
10,corn grain,2270005060,relifting or boosting water within systems,0,,time,,hours,acre
12,corn grain,2265005060,relifting or boosting water within systems,0,157.7236663,time,1.896057357,hours,acre
12,corn grain,2270005060,relifting or boosting water within systems,0.082318844,220.0795344,time,1.896057357,hours,acre
12,corn grain,2267005060,relifting or boosting water within systems,6.05494E-06,157.7236663,time,1.896057357,hours,acre
12,corn grain,2268005060,relifting or boosting water within systems,0,157.7236663,time,1.896057357,hours,acre
12,corn grain,2270005060,relifting or boosting water within systems,0.017155909,145.5910766,time,1.896057357,hours,acre
13,corn grain,2265005060,relifting or boosting water within systems,2.25357E-06,70.60094276,time,5.494957841,hours,acre
13,corn grain,2270005060,relifting or boosting water within systems,0.005273101,98.51294339,time,5.494957841,hours,acre
13,corn grain,2267005060,relifting or boosting water within systems,0.000103193,70.60094276,time,5.494957841,hours,acre
13,corn grain,2268005060,relifting or boosting water within systems,0,70.60094276,time,5.494957841,hours,acre
13,corn grain,2270005060,relifting or boosting water within systems,0.006986289,65.17010101,time,5.494957841,hours,acre
15,corn grain,2265005060,relifting or boosting water within systems,0,111.4763996,time,18.23580273,hours,acre
16,corn grain,2265005060,relifting or boosting water within systems,5.47652E-05,82.37347101,time,14.22043017,hours,acre
16,corn grain,2270005060,relifting or boosting water within systems,0.003302991,114.939727,time,14.22043017,hours,acre
16,corn grain,2267005060,relifting or boosting water within systems,8.46884E-06,82.37347101,time,14.22043017,hours,acre
16,corn grain,2268005060,relifting or boosting water within systems,0.000103038,82.37347101,time,14.22043017,hours,acre
16,corn grain,2270005060,relifting or boosting water within systems,0.105962116,76.03705016,time,14.22043017,hours,acre
17,corn grain,2265005060,relifting or boosting water within systems,4.21441E-05,30.26275196,time,7.774222904,hours,acre
17,corn grain,2270005060,relifting or boosting water within systems,0.002404201,42.22709576,time,7.774222904,hours,acre
17,corn grain,2267005060,relifting or boosting water within systems,0.000300972,30.26275196,time,7.774222904,hours,acre
17,corn grain,2268005060,relifting or boosting water within systems,0,30.26275196,time,7.774222904,hours,acre
17,corn grain,2270005060,relifting or boosting water within systems,0.001308057,27.93484797,time,7.774222904,hours,acre
18,corn grain,2265005060,relifting or boosting water within systems,4.51399E-05,38.35226936,time,6.434656398,hours,acre
18,corn grain,2270005060,relifting or boosting water within systems,0.010925273,53.51479446,time,6.434656398,hours,acre
18,corn grain,2267005060,relifting or boosting water within systems,0.000132951,38.35226936,time,6.434656398,hours,acre
18,corn grain,2268005060,relifting or boosting water within systems,0,38.35226936,time,6.434656398,hours,acre
18,corn grain,2270005060,relifting or boosting water within systems,0.005933432,35.40209479,time,6.434656398,hours,acre
19,corn grain,2265005060,relifting or boosting water within systems,0.000145991,5.145595211,time,42.87513158,hours,acre
19,corn grain,2270005060,relifting or boosting water within systems,0.002211177,7.179900295,time,42.87513158,hours,acre
19,corn grain,2267005060,relifting or boosting water within systems,0.000121482,5.145595211,time,42.87513158,hours,acre
19,corn grain,2268005060,relifting or boosting water within systems,0,5.145595211,time,42.87513158,hours,acre
19,corn grain,2270005060,relifting or boosting water within systems,0.001963418,4.749780195,time,42.87513158,hours,acre
20,corn grain,2265005060,relifting or boosting water within systems,0,28.35803367,time,14.8010587,hours,acre
20,corn grain,2270005060,relifting or boosting water within systems,0.000858422,39.56934931,time,14.8010587,hours,acre
20,corn grain,2267005060,relifting or boosting water within systems,7.46791E-05,28.35803367,time,14.8010587,hours,acre
20,corn grain,2268005060,relifting or boosting water within systems,0,28.35803367,time,14.8010587,hours,acre
20,corn grain,2270005060,relifting or boosting water within systems,0.000466576,26.17664646,time,14.8010587,hours,acre
21,corn grain,2265005060,relifting or boosting water within systems,0.001621653,29.65542836,time,5.627823834,hours,acre
21,corn grain,2270005060,relifting or boosting water within systems,0.019911647,41.37966748,time,5.627823834,hours,acre
21,corn grain,2267005060,relifting or boosting water within systems,2.24969E-05,29.65542836,time,5.627823834,hours,acre
21,corn grain,2268005060,relifting or boosting water within systems,0.000140606,29.65542836,time,5.627823834,hours,acre
21,corn grain,2270005060,relifting or boosting water within systems,0.012497038,27.37424156,time,5.627823834,hours,acre
22,corn grain,2265005060,relifting or boosting water within systems,8.93675E-05,100.1344287,time,2.39508269,hours,acre
22,corn grain,2270005060,relifting or boosting water within systems,0.01324937,139.7224587,time,2.39508269,hours,acre
22,corn grain,2267005060,relifting or boosting water within systems,0.000258773,100.1344287,time,2.39508269,hours,acre
22,corn grain,2268005060,relifting or boosting water within systems,0.00049211,100.1344287,time,2.39508269,hours,acre
22,corn grain,2270005060,relifting or boosting water within systems,0.007010242,92.43178037,time,2.39508269,hours,acre
23,corn grain,,relifting or boosting water within systems,,,time,,hours,acre
24,corn grain,2265005060,relifting or boosting water within systems,0,10.24098167,time,50.64820925,hours,acre
24,corn grain,2270005060,relifting or boosting water within systems,0.01415823,14.28974186,time,50.64820925,hours,acre
24,corn grain,2267005060,relifting or boosting water within systems,0,10.24098167,time,50.64820925,hours,acre
24,corn grain,2268005060,relifting or boosting water within systems,0,10.24098167,time,50.64820925,hours,acre
24,corn grain,2270005060,relifting or boosting water within systems,0.002288509,9.453213848,time,50.64820925,hours,acre
25,corn grain,,relifting or boosting water within systems,,,time,,hours,acre
26,corn grain,2265005060,relifting or boosting water within systems,0,34.53672727,time,15.83609777,hours,acre
26,corn grain,2270005060,relifting or boosting water within systems,0.00973522,48.19078224,time,15.83609777,hours,acre
26,corn grain,2267005060,relifting or boosting water within systems,0.000195821,34.53672727,time,15.83609777,hours,acre
26,corn grain,2268005060,relifting or boosting water within systems,0,34.53672727,time,15.83609777,hours,acre
26,corn grain,2270005060,relifting or boosting water within systems,0.00853414,31.88005594,time,15.83609777,hours,acre
27,corn grain,2265005060,relifting or boosting water within systems,1.05094E-05,26.37841526,time,5.123443396,hours,acre
27,corn grain,2270005060,relifting or boosting water within systems,0.006736531,36.80709107,time,5.123443396,hours,acre
27,corn grain,2267005060,relifting or boosting water within systems,0,26.37841526,time,5.123443396,hours,acre
27,corn grain,2268005060,relifting or boosting water within systems,0,26.37841526,time,5.123443396,hours,acre
27,corn grain,2270005060,relifting or boosting water within systems,0.007208053,24.3493064,time,5.123443396,hours,acre
28,corn grain,2265005060,relifting or boosting water within systems,0,73.9080404,time,2.928559017,hours,acre
28,corn grain,2270005060,relifting or boosting water within systems,0.005238612,103.1274982,time,2.928559017,hours,acre
28,corn grain,2267005060,relifting or boosting water within systems,0.000397199,73.9080404,time,2.928559017,hours,acre
28,corn grain,2268005060,relifting or boosting water within systems,0.000231905,73.9080404,time,2.928559017,hours,acre
28,corn grain,2270005060,relifting or boosting water within systems,0.004686099,68.22280653,time,2.928559017,hours,acre
29,corn grain,2265005060,relifting or boosting water within systems,5.74169E-05,18.64111934,time,14.20861919,hours,acre
29,corn grain,2270005060,relifting or boosting water within systems,0.00066293,26.0108642,time,14.20861919,hours,acre
29,corn grain,2267005060,relifting or boosting water within systems,0.000110331,18.64111934,time,14.20861919,hours,acre
29,corn grain,2268005060,relifting or boosting water within systems,3.07042E-07,18.64111934,time,14.20861919,hours,acre
29,corn grain,2270005060,relifting or boosting water within systems,0.000693634,17.20718708,time,14.20861919,hours,acre
30,corn grain,2265005060,relifting or boosting water within systems,0.000620012,56.06461654,time,19.25264402,hours,acre
30,corn grain,2270005060,relifting or boosting water within systems,0.010916138,78.22969749,time,19.25264402,hours,acre
30,corn grain,2267005060,relifting or boosting water within systems,0.000278463,56.06461654,time,19.25264402,hours,acre
30,corn grain,2268005060,relifting or boosting water within systems,0.000734478,56.06461654,time,19.25264402,hours,acre
30,corn grain,2270005060,relifting or boosting water within systems,0.111746283,51.75195373,time,19.25264402,hours,acre
31,corn grain,2265005060,relifting or boosting water within systems,4.53484E-07,31.86636738,time,7.490827586,hours,acre
31,corn grain,2270005060,relifting or boosting water within systems,0.002682677,44.46469867,time,7.490827586,hours,acre
31,corn grain,2267005060,relifting or boosting water within systems,0.001550914,31.86636738,time,7.490827586,hours,acre
31,corn grain,2268005060,relifting or boosting water within systems,0.001043031,31.86636738,time,7.490827586,hours,acre
31,corn grain,2270005060,relifting or boosting water within systems,0.003746512,29.41510835,time,7.490827586,hours,acre
32,corn grain,2265005060,relifting or boosting water within systems,0,59.9530116,time,22.75085811,hours,acre
32,corn grain,2270005060,relifting or boosting water within systems,0.021809847,83.65536502,time,22.75085811,hours,acre
32,corn grain,2267005060,relifting or boosting water within systems,0,59.9530116,time,22.75085811,hours,acre
32,corn grain,2268005060,relifting or boosting water within systems,0,59.9530116,time,22.75085811,hours,acre
32,corn grain,2270005060,relifting or boosting water within systems,0.061784168,55.34124147,time,22.75085811,hours,acre
33,corn grain,,relifting or boosting water within systems,,,time,,hours,acre
34,corn grain,2265005060,relifting or boosting water within systems,,,time,12.16395916,hours,acre
34,corn grain,2270005060,relifting or boosting water within systems,,,time,12.16395916,hours,acre
34,corn grain,2267005060,relifting or boosting water within systems,,,time,12.16395916,hours,acre
34,corn grain,2268005060,relifting or boosting water within systems,,,time,12.16395916,hours,acre
34,corn grain,2270005060,relifting or boosting water within systems,,,time,12.16395916,hours,acre
35,corn grain,2265005060,relifting or boosting water within systems,0.001144405,95.39733333,time,12.97694146,hours,acre
35,corn grain,2270005060,relifting or boosting water within systems,0.016169926,133.1125581,time,12.97694146,hours,acre
35,corn grain,2267005060,relifting or boosting water within systems,0.00034865,95.39733333,time,12.97694146,hours,acre
35,corn grain,2268005060,relifting or boosting water within systems,0.013833627,95.39733333,time,12.97694146,hours,acre
35,corn grain,2270005060,relifting or boosting water within systems,0.194439886,88.05907692,time,12.97694146,hours,acre
36,corn grain,2265005060,relifting or boosting water within systems,0.003351999,8.640359147,time,17.70929348,hours,acre
36,corn grain,2270005060,relifting or boosting water within systems,0.025171187,12.05631509,time,17.70929348,hours,acre
36,corn grain,2267005060,relifting or boosting water within systems,0,8.640359147,time,17.70929348,hours,acre
36,corn grain,2268005060,relifting or boosting water within systems,0,8.640359147,time,17.70929348,hours,acre
36,corn grain,2270005060,relifting or boosting water within systems,0.002746418,7.975716136,time,17.70929348,hours,acre
37,corn grain,2265005060,relifting or boosting water within systems,0.000106929,10.23444519,time,19.39589286,hours,acre
37,corn grain,2270005060,relifting or boosting water within systems,0.017842973,14.2806212,time,19.39589286,hours,acre
37,corn grain,2267005060,relifting or boosting water within systems,0.000309446,10.23444519,time,19.39589286,hours,acre
37,corn grain,2268005060,relifting or boosting water within systems,0,10.23444519,time,19.39589286,hours,acre
37,corn grain,2270005060,relifting or boosting water within systems,0.010758114,9.447180178,time,19.39589286,hours,acre
38,corn grain,2265005060,relifting or boosting water within systems,0,39.40291807,time,5.068793333,hours,acre
38,corn grain,2270005060,relifting or boosting water within systems,0.010115314,54.98081591,time,5.068793333,hours,acre
38,corn grain,2267005060,relifting or boosting water within systems,0.000187154,39.40291807,time,5.068793333,hours,acre
38,corn grain,2268005060,relifting or boosting water within systems,0,39.40291807,time,5.068793333,hours,acre
38,corn grain,2270005060,relifting or boosting water within systems,0.017811493,36.37192437,time,5.068793333,hours,acre
39,corn grain,2265005060,relifting or boosting water within systems,0.002531692,14.55644444,time,8.136104869,hours,acre
39,corn grain,2270005060,relifting or boosting water within systems,0.02251943,20.31131783,time,8.136104869,hours,acre
39,corn grain,2267005060,relifting or boosting water within systems,0.001042461,14.55644444,time,8.136104869,hours,acre
39,corn grain,2268005060,relifting or boosting water within systems,0,14.55644444,time,8.136104869,hours,acre
39,corn grain,2270005060,relifting or boosting water within systems,0.01043781,13.43671795,time,8.136104869,hours,acre
40,corn grain,2265005060,relifting or boosting water within systems,0.000125367,35.29811897,time,12.03932843,hours,acre
40,corn grain,2270005060,relifting or boosting water within systems,0.002962946,49.25318926,time,12.03932843,hours,acre
40,corn grain,2267005060,relifting or boosting water within systems,0.000216158,35.29811897,time,12.03932843,hours,acre
40,corn grain,2268005060,relifting or boosting water within systems,0.00463835,35.29811897,time,12.03932843,hours,acre
40,corn grain,2270005060,relifting or boosting water within systems,0.003197686,32.58287905,time,12.03932843,hours,acre
41,corn grain,2265005060,relifting or boosting water within systems,0,90.28704227,time,17.16450695,hours,acre
41,corn grain,2270005060,relifting or boosting water within systems,0.00287599,125.9819195,time,17.16450695,hours,acre
41,corn grain,2267005060,relifting or boosting water within systems,0.000103173,90.28704227,time,17.16450695,hours,acre
41,corn grain,2268005060,relifting or boosting water within systems,0,90.28704227,time,17.16450695,hours,acre
41,corn grain,2270005060,relifting or boosting water within systems,0.05816152,83.34188518,time,17.16450695,hours,acre
42,corn grain,2265005060,relifting or boosting water within systems,0.003989336,6.759649832,time,77.30516148,hours,acre
42,corn grain,2270005060,relifting or boosting water within systems,0.016288795,9.432069533,time,77.30516148,hours,acre
42,corn grain,2267005060,relifting or boosting water within systems,0.000689132,6.759649832,time,77.30516148,hours,acre
42,corn grain,2268005060,relifting or boosting water within systems,0.000214609,6.759649832,time,77.30516148,hours,acre
42,corn grain,2270005060,relifting or boosting water within systems,0.004890692,6.239676768,time,77.30516148,hours,acre
44,corn grain,,relifting or boosting water within systems,,,time,,hours,acre
45,corn grain,2265005060,relifting or boosting water within systems,0,31.06128545,time,9.173733108,hours,acre
45,corn grain,2270005060,relifting or boosting water within systems,0.007704072,43.34132853,time,9.173733108,hours,acre
45,corn grain,2267005060,relifting or boosting water within systems,0,31.06128545,time,9.173733108,hours,acre
45,corn grain,2268005060,relifting or boosting water within systems,0,31.06128545,time,9.173733108,hours,acre
45,corn grain,2270005060,relifting or boosting water within systems,0.009580565,28.6719558,time,9.173733108,hours,acre
46,corn grain,2265005060,relifting or boosting water within systems,0,95.31672278,time,2.869128302,hours,acre
46,corn grain,2270005060,relifting or boosting water within systems,0.009392011,133.0000783,time,2.869128302,hours,acre
46,corn grain,2267005060,relifting or boosting water within systems,0.003529129,95.31672278,time,2.869128302,hours,acre
46,corn grain,2268005060,relifting or boosting water within systems,0.003529129,95.31672278,time,2.869128302,hours,acre
46,corn grain,2270005060,relifting or boosting water within systems,0.040221271,87.98466718,time,2.869128302,hours,acre
47,corn grain,2265005060,relifting or boosting water within systems,0.001066453,2.494204265,time,90.51416667,hours,acre
47,corn grain,2270005060,relifting or boosting water within systems,0.012019396,3.480285021,time,90.51416667,hours,acre
47,corn grain,2267005060,relifting or boosting water within systems,0.000614831,2.494204265,time,90.51416667,hours,acre
47,corn grain,2268005060,relifting or boosting water within systems,0,2.494204265,time,90.51416667,hours,acre
47,corn grain,2270005060,relifting or boosting water within systems,0.005461939,2.302342398,time,90.51416667,hours,acre
48,corn grain,2265005060,relifting or boosting water within systems,1.89141E-05,35.69616162,time,22.28041026,hours,acre
48,corn grain,2270005060,relifting or boosting water within systems,0.007443345,49.8085976,time,22.28041026,hours,acre
48,corn grain,2267005060,relifting or boosting water within systems,0.000620514,35.69616162,time,22.28041026,hours,acre
48,corn grain,2268005060,relifting or boosting water within systems,0.002366746,35.69616162,time,22.28041026,hours,acre
48,corn grain,2270005060,relifting or boosting water within systems,0.008559938,32.95030303,time,22.28041026,hours,acre
49,corn grain,2265005060,relifting or boosting water within systems,0,50.27857239,time,27.11188768,hours,acre
49,corn grain,2270005060,relifting or boosting water within systems,0.02340354,70.15614752,time,27.11188768,hours,acre
49,corn grain,2267005060,relifting or boosting water within systems,0,50.27857239,time,27.11188768,hours,acre
49,corn grain,2268005060,relifting or boosting water within systems,0,50.27857239,time,27.11188768,hours,acre
49,corn grain,2270005060,relifting or boosting water within systems,0.176061755,46.4109899,time,27.11188768,hours,acre
50,corn grain,,relifting or boosting water within systems,,,time,,hours,acre
51,corn grain,2265005060,relifting or boosting water within systems,0.00343719,11.94828283,time,24.13711111,hours,acre
51,corn grain,2270005060,relifting or boosting water within systems,0.028120728,16.67202255,time,24.13711111,hours,acre
51,corn grain,2267005060,relifting or boosting water within systems,0,11.94828283,time,24.13711111,hours,acre
51,corn grain,2268005060,relifting or boosting water within systems,0,11.94828283,time,24.13711111,hours,acre
51,corn grain,2270005060,relifting or boosting water within systems,0.014387688,11.02918415,time,24.13711111,hours,acre
53,corn grain,2265005060,relifting or boosting water within systems,5.6491E-05,100.1523861,time,14.32598321,hours,acre
53,corn grain,2270005060,relifting or boosting water within systems,0.00941492,139.7475155,time,14.32598321,hours,acre
53,corn grain,2267005060,relifting or boosting water within systems,0.000487729,100.1523861,time,14.32598321,hours,acre
53,corn grain,2268005060,relifting or boosting water within systems,0,100.1523861,time,14.32598321,hours,acre
53,corn grain,2270005060,relifting or boosting water within systems,0.155112116,92.44835638,time,14.32598321,hours,acre
54,corn grain,,relifting or boosting water within systems,,,time,,hours,acre
55,corn grain,2265005060,relifting or boosting water within systems,1.31227E-05,103.0728919,time,2.935594595,hours,acre
55,corn grain,2270005060,relifting or boosting water within systems,0.003249915,143.8226398,time,2.935594595,hours,acre
55,corn grain,2267005060,relifting or boosting water within systems,0.000124298,103.0728919,time,2.935594595,hours,acre
55,corn grain,2268005060,relifting or boosting water within systems,0,103.0728919,time,2.935594595,hours,acre
55,corn grain,2270005060,relifting or boosting water within systems,0.001642017,95.14420789,time,2.935594595,hours,acre
56,corn grain,2265005060,relifting or boosting water within systems,,43.19618107,time,13.94629154,hours,acre
56,corn grain,2270005060,relifting or boosting water within systems,,60.27374103,time,13.94629154,hours,acre
56,corn grain,2267005060,relifting or boosting water within systems,,43.19618107,time,13.94629154,hours,acre
56,corn grain,2268005060,relifting or boosting water within systems,,43.19618107,time,13.94629154,hours,acre
56,corn grain,2270005060,relifting or boosting water within systems,,39.87339791,time,13.94629154,hours,acre
,,,,,,,,,
,,,,,,,,,
,,,,,,,,,
,,,,,,,,,
,,,,,,,,,
,,,,,,,,,
,,,,,,,,,
,,,,,,,,,
,,,,,,,,,
,,,,,,,,,
,,,,,,,,,
,,,,,,,,,
,,,,,,,,,
,,,,,,,,,
,,,,,,,,,
,,,,,,,,,
,,,,,,,,,
,,,,,,,,,
,,,,,,,,,
,,,,,,,,,
,,,,,,,,,
,,,,,,,,,
,,,,,,,,,
,,,,,,,,,
,,,,,,,,,
,,,,,,,,,
,,,,,,,,,
,,,,,,,,,
,,,,,,,,,
,,,,,,,,,
,,,,,,,,,
,,,,,,,,,
,,,,,,,,,
,,,,,,,,,
,,,,,,,,,
,,,,,,,,,
,,,,,,,,,
,,,,,,,,,
,,,,,,,,,
,,,,,,,,,
,,,,,,,,,
,,,,,,,,,
,,,,,,,,,
,,,,,,,,,
,,,,,,,,,
,,,,,,,,,
,,,,,,,,,
,,,,,,,,,
,,,,,,,,,
,,,,,,,,,
,,,,,,,,,
,,,,,,,,,
,,,,,,,,,
,,,,,,,,,
,,,,,,,,,
,,,,,,,,,
,,,,,,,,,
,,,,,,,,,
,,,,,,,,,
,,,,,,,,,
,,,,,,,,,
,,,,,,,,,
,,,,,,,,,
,,,,,,,,,
,,,,,,,,,
,,,,,,,,,
,,,,,,,,,
,,,,,,,,,
,,,,,,,,,
,,,,,,,,,
,,,,,,,,,
,,,,,,,,,
,,,,,,,,,
,,,,,,,,,
,,,,,,,,,
,,,,,,,,,
,,,,,,,,,
,,,,,,,,,
,,,,,,,,,
